Preprocessing Method,Training Variation,Train Accuracy,Train Precision,Train Recall,Train F1-Score,Train ROC-AUC,Test Accuracy,Test Precision,Test Recall,Test F1-Score,Test ROC-AUC,Val Accuracy,Val Precision,Val Recall,Val F1-Score,Val ROC-AUC,variant,hp_label,timestamp,run_dir
1,1,0.9955,0.9908,0.9957,0.9933,0.999941,0.9793,0.9953,0.9582,0.9764,0.999249,0.9961,0.931,1.0,0.9643,0.999393,minmax_corr0.85_k60_w48s24,lr1e-03_wd1e-04_pat7,20251020_164728,models/cnn_tsa\minmax_corr0.85_k60_w48s24\lr1e-03_wd1e-04_pat7\20251020_164728
1,2,0.9915,0.9804,0.9943,0.9873,0.999754,0.9746,0.9984,0.9448,0.9709,0.999161,0.9942,0.9,1.0,0.9474,0.999621,minmax_corr0.85_k60_w48s24,lr1e-04_wd1e-04_pat7,20251020_164749,models/cnn_tsa\minmax_corr0.85_k60_w48s24\lr1e-04_wd1e-04_pat7\20251020_164749
1,3,0.6667,0.0,0.0,0.0,0.62899,0.5524,0.0,0.0,0.0,0.783089,0.9476,0.0,0.0,0.0,0.540528,minmax_corr0.85_k60_w48s24,lr1e-05_wd1e-04_pat7,20251020_164826,models/cnn_tsa\minmax_corr0.85_k60_w48s24\lr1e-05_wd1e-04_pat7\20251020_164826
2,1,0.9981,0.9958,0.9986,0.9972,0.999975,0.9777,0.9985,0.9518,0.9746,0.999488,0.98,0.807,1.0,0.8932,0.996894,standard_corr0.9_k45_w48s24,lr1e-03_wd1e-04_pat7,20251020_164606,models/cnn_tsa\standard_corr0.9_k45_w48s24\lr1e-03_wd1e-04_pat7\20251020_164606
2,2,0.9908,0.979,0.9936,0.9863,0.999824,0.9554,0.9952,0.905,0.9479,0.998374,0.9655,0.7077,1.0,0.8288,0.998145,standard_corr0.9_k45_w48s24,lr1e-04_wd1e-04_pat7,20251020_164625,models/cnn_tsa\standard_corr0.9_k45_w48s24\lr1e-04_wd1e-04_pat7\20251020_164625
2,3,0.9768,0.9613,0.9695,0.9654,0.998324,0.9547,0.9936,0.905,0.9472,0.997468,0.9545,0.6479,1.0,0.7863,0.997628,standard_corr0.9_k45_w48s24,lr1e-05_wd1e-04_pat7,20251020_164647,models/cnn_tsa\standard_corr0.9_k45_w48s24\lr1e-05_wd1e-04_pat7\20251020_164647
3,1,0.9957,0.9936,0.9936,0.9936,0.99993,0.9789,0.9924,0.9605,0.9762,0.999175,0.9836,0.8333,1.0,0.9091,0.998144,standard_corr1_k32_w48s24,lr1e-03_wd1e-04_pat7,20251020_164838,models/cnn_tsa\standard_corr1_k32_w48s24\lr1e-03_wd1e-04_pat7\20251020_164838
3,2,0.9939,0.9859,0.9957,0.9908,0.999884,0.9763,0.988,0.9591,0.9733,0.998944,0.9726,0.75,1.0,0.8571,0.998542,standard_corr1_k32_w48s24,lr1e-04_wd1e-04_pat7,20251020_164856,models/cnn_tsa\standard_corr1_k32_w48s24\lr1e-04_wd1e-04_pat7\20251020_164856
3,3,0.9728,0.955,0.9638,0.9594,0.996761,0.9704,0.9747,0.9591,0.9668,0.997999,0.9562,0.6615,0.9556,0.7818,0.994831,standard_corr1_k32_w48s24,lr1e-05_wd1e-04_pat7,20251020_164929,models/cnn_tsa\standard_corr1_k32_w48s24\lr1e-05_wd1e-04_pat7\20251020_164929
